{
  "project_info": {
    "project_number": "438517278228",
    "project_id": "musicplayerdb-10b58",
    "storage_bucket": "musicplayerdb-10b58.appspot.com"
  },
  "client": [
    {
      "client_info": {
        "mobilesdk_app_id": "1:438517278228:android:194ff79bcf35399da9e901",
        "android_client_info": {
          "package_name": "com.example.musicplayer"
        }
      },
      "oauth_client": [],
      "api_key": [
        {
          "current_key": "AIzaSyBYKkuDng0yo_PiLOqht0AP6dO-Bkkgafw"
        }
      ],
      "services": {
        "appinvite_service": {
          "other_platform_oauth_client": []
        }
      }
    }
  ],
  "configuration_version": "1"
}